<o c='Game_Actor' id='0'
><s a='@battler_name'
  ></s
  ><i a='@battler_hue'
  >0</i
  ><a a='@actions'
  /><i a='@speed'
  >0</i
  ><o c='Game_ActionResult' id='1' a='@result'
  ><p a='@battler'
    >0</p
    ><n a='@used'
    /><n a='@missed'
    /><n a='@evaded'
    /><n a='@critical'
    /><n a='@success'
    /><i a='@hp_damage'
    >0</i
    ><i a='@mp_damage'
    >0</i
    ><i a='@tp_damage'
    >0</i
    ><i a='@hp_drain'
    >0</i
    ><i a='@mp_drain'
    >0</i
    ><a a='@added_states'
    /><a a='@removed_states'
    /><a a='@added_buffs'
    /><a a='@added_debuffs'
    /><a a='@removed_buffs'
    /></o
  ><i a='@last_target_index'
  >0</i
  ><n a='@guarding'
  /><i a='@animation_id'
  >0</i
  ><n a='@animation_mirror'
  /><z a='@sprite_effect_type'
  /><i a='@tp'
  >0</i
  ><i a='@mp'
  >41</i
  ><i a='@hp'
  >562</i
  ><n a='@hidden'
  /><a a='@param_plus'
  ><i
    >0</i
    ><i
    >0</i
    ><i
    >0</i
    ><i
    >0</i
    ><i
    >0</i
    ><i
    >0</i
    ><i
    >0</i
    ><i
    >0</i
    ></a
  ><a a='@states'
  /><h a='@state_turns'
  /><h a='@state_steps'
  /><a a='@buffs'
  ><i
    >0</i
    ><i
    >0</i
    ><i
    >0</i
    ><i
    >0</i
    ><i
    >0</i
    ><i
    >0</i
    ><i
    >0</i
    ><i
    >0</i
    ></a
  ><h a='@buff_turns'
  /><i a='@actor_id'
  >1</i
  ><s a='@name'
  >Hime</s
  ><s a='@nickname'
  >Silver Reaper</s
  ><s a='@character_name'
  >Actor5</s
  ><i a='@character_index'
  >1</i
  ><s a='@face_name'
  >Actor5</s
  ><i a='@face_index'
  >1</i
  ><i a='@class_id'
  >1</i
  ><i a='@level'
  >1</i
  ><h a='@exp'
  ><i
    >1</i
    ><i
    >0</i
    ></h
  ><a a='@equips'
  ><o c='Game_BaseItem' id='2'
    ><o c='Class' id='3' a='@class'
      /><i a='@item_id'
      >1</i
      ></o
    ><o c='Game_BaseItem' id='4'
    ><o c='Class' id='5' a='@class'
      /><i a='@item_id'
      >46</i
      ></o
    ><o c='Game_BaseItem' id='6'
    ><z a='@class'
      /><i a='@item_id'
      >0</i
      ></o
    ><o c='Game_BaseItem' id='7'
    ><p a='@class'
      >5</p
      ><i a='@item_id'
      >1</i
      ></o
    ><o c='Game_BaseItem' id='8'
    ><z a='@class'
      /><i a='@item_id'
      >0</i
      ></o
    ></a
  ><a a='@skills'
  /><i a='@action_input_index'
  >0</i
  ><o c='Game_BaseItem' id='9' a='@last_skill'
  ><z a='@class'
    /><i a='@item_id'
    >0</i
    ></o
  ></o
>